kang,asd123!@#,강희진,01012341234,1
minsuk123,asd123!@#,신민석,01011111111,2
minsuk1234,asd123!@#,신민석,01021111111,0
minsuk1235,asd123!@#,신민석,01031111111,0
minsuk1236,asd123!@#,신민석,01041111111,0
minsuk1237,asd123!@#,신민석,01051111111,0
minsuk1238,asd123!@#,신민석,01061111111,0
minsuk1239,asd123!@#,신민석,01071111111,0
minsuk1230,asd123!@#,신민석,01081111111,0
minsuk121,asd123!@#,신민석,01019111111,0
minsuk122,asd123!@#,신민석,01011112111,0
minsuk124,asd123!@#,신민석,01011113111,0
minsuk125,asd123!@#,신민석,01011114111,0
minsuk126,asd123!@#,신민석,01011115111,0
minsuk127,asd123!@#,신민석,01011116111,0
minsuk128,asd123!@#,신민석,01011117111,0
minsuk129,asd123!@#,신민석,01011118111,0
minsuk13,asd123!@#,신민석,01011111911,0
minsuk23,asd123!@#,신민석,01011111116,0
asdasd,asd123!@#,강희진,01011223333,0
